1,1,3000,
2,1,3000,
3,1,3000,
4,1,3000,
5,1,3000,
6,1,3000,
7,1,3000,
8,1,3000,
9,1,3000,
10,1,3000,
11,2,3000,
12,2,3000,
13,2,3000,
14,2,3000,
15,2,3000,
16,2,3001,
17,2,3001,
18,2,3001,
19,2,3001,
20,2,3001,
21,3,3001,
22,3,3001,
23,4,3001,
24,4,3001,
25,5,3001,
26,6,3001,
27,7,3001,
28,7,3001,
29,8,3001,
30,8,3001,
31,9,3001,
32,10,3001,
33,11,3001,
34,11,3002,
35,11,3002,
36,12,3002,
37,12,3002,
38,12,3002,
39,13,3002,
40,14,3002,
41,14,3002,
42,15,3002,
43,15,3002,
44,15,3002,
45,16,3002,
46,16,3002,
47,17,3002,
48,17,3002,
49,17,3002,
50,18,3002,
51,18,3003,
52,18,3003,
53,18,3003,
54,19,3003,
55,19,3003,
56,19,3003,
57,19,3003,
58,20,3003,
59,20,3003,
60,20,3003,
61,21,3003,
62,21,3003,
63,21,3003,
64,22,3003,
65,22,3003,
66,22,3003,
67,23,3003,
68,23,3004,
69,23,3004,
70,24,3004,
71,24,3004,
72,24,3004,
73,24,3004,
74,25,3004,
75,25,3004,
76,25,3004,
77,25,3004,
78,26,3004,
79,26,3004,
80,26,3004,
81,26,3004,
82,26,3004,
83,27,3004,
84,27,3004,
85,27,3005,
86,27,3005,
87,27,3005,
88,28,3005,
89,28,3005,
90,28,3005,
91,28,3005,
92,28,3005,
93,28,3005,
94,29,3005,
95,29,3005,
96,29,3005,
97,29,3005,
98,29,3005,
99,30,3005,
100,30,3005,
101,30,3005,
102,30,3006,
103,31,3006,
104,32,3006,
105,32,3006,
106,32,3006,
107,33,3006,
108,33,3006,
109,34,3006,
110,34,3006,
111,34,3006,
112,34,3006,
113,35,3006,
114,35,3006,
115,35,3006,
116,35,3006,
117,36,3006,
118,36,3006,
119,36,3007,
120,36,3007,
121,37,3007,
122,37,3007,
123,37,3007,
124,37,3007,
125,38,3007,
126,38,3007,
127,38,3007,
128,38,3007,
129,39,3007,
130,39,3007,
131,39,3007,
132,39,3007,
133,40,3007,
134,40,3007,
135,40,3008,
136,41,3008,
137,41,3008,
138,41,3008,
139,42,3008,
140,42,3008,
141,42,3008,
142,43,3008,
143,43,3008,
144,43,3008,
145,44,3008,
146,44,3008,
147,44,3008,
148,45,3008,
149,45,3008,
150,45,3008,
151,46,3008,
152,46,3009,
153,46,3009,
154,47,3009,
155,47,3009,
156,47,3009,
157,47,3009,
158,48,3009,
159,48,3009,
160,48,3009,
161,48,3009,
162,49,3009,
163,49,3009,
164,49,3009,
165,49,3009,
166,50,3009,
167,50,3009,
168,50,3009,
169,51,3009,
170,51,3010,
171,51,3010,
172,52,3010,
173,52,3010,
174,52,3010,
175,53,3010,
176,53,3010,
177,53,3010,
178,54,3010,
179,54,3010,
180,54,3010,
181,55,3010,
182,55,3010,
183,55,3010,
184,56,3010,
185,56,3010,
186,56,3010,
187,57,3011,
188,57,3011,
189,57,3011,
190,57,3011,
191,58,3011,
192,58,3011,
193,58,3011,
194,59,3011,
195,59,3011,
196,59,3011,
197,60,3011,
198,60,3011,
199,60,3011,
200,61,3011,
201,61,3011,
202,61,3011,
203,61,3012,
204,61,3012,
205,61,3012,
206,61,3012,
207,61,3012,
208,61,3012,
209,61,3012,
210,61,3012,
211,61,3012,
212,61,3012,
213,61,3012,
214,61,3012,
215,61,3012,
216,62,3012,
217,62,3012,
218,62,3013,
219,63,3013,
220,63,3013,
221,63,3013,
222,63,3013,
223,64,3013,
224,64,3013,
225,64,3013,
226,64,3013,
227,65,3013,
228,65,3013,
229,65,3013,
230,65,3013,
231,66,3013,
232,66,3013,
233,66,3013,
234,67,3013,
235,67,3014,
236,67,3014,
237,68,3014,
238,68,3014,
239,68,3014,
240,68,3014,
241,69,3014,
242,69,3014,
243,69,3014,
244,70,3014,
245,70,3014,
246,70,3014,
247,71,3014,
248,71,3014,
249,71,3014,
250,72,3014,
251,72,3014,
252,72,3015,
253,72,3015,
254,73,3015,
255,73,3015,
256,73,3015,
257,73,3015,
258,74,3015,
259,74,3015,
260,74,3015,
261,75,3015,
262,75,3015,
263,75,3015,
264,76,3015,
265,76,3015,
266,76,3015,
267,77,3015,
268,77,3015,
269,77,3016,
270,77,3016,
271,78,3016,
272,78,3016,
273,78,3016,
274,79,3016,
275,79,3016,
276,79,3016,
277,80,3016,
278,80,3016,
279,80,3016,
280,80,3016,
281,81,3016,
282,81,3016,
283,81,3016,
284,81,3016,
285,82,3016,
286,82,3016,
287,82,3017,
288,82,3017,
289,83,3017,
290,83,3017,
291,83,3017,
292,84,3017,
293,84,3017,
294,84,3017,
295,84,3017,
296,85,3017,
297,85,3017,
298,85,3017,
299,86,3017,
300,86,3017,
301,86,3017,
302,87,3017,
303,87,3017,
304,87,3018,
305,88,3018,
306,88,3018,
307,88,3018,
308,89,3018,
309,89,3018,
310,89,3018,
311,90,3018,
312,90,3018,
313,90,3018,
314,91,3018,
315,91,3018,
316,91,3018,
317,92,3018,
318,92,3018,
319,92,3018,
320,92,3018,
321,93,3019,
322,93,3019,
323,93,3019,
324,93,3019,
325,94,3019,
326,95,3019,
327,95,3019,
328,95,3019,
329,95,3019,
330,96,3019,
331,96,3019,
332,96,3019,
333,96,3019,
334,96,3019,
335,96,3019,
336,96,3019,
337,96,3019,
338,96,3020,
339,96,3020,
340,96,3020,
341,96,3020,
342,96,3020,
343,96,3020,
344,97,3020,
345,97,3020,
346,97,3020,
347,97,3020,0
348,98,3020,
349,98,3020,
350,98,3020,
351,98,3020,
352,99,3020,
353,99,3020,
354,99,3020,
355,99,3021,
356,100,3021,
357,100,3021,
358,100,3021,
359,101,3021,
360,101,3021,
361,101,3021,
362,102,3021,
363,102,3021,
364,102,3021,
365,102,3021,
366,103,3021,
367,103,3021,
368,103,3021,
369,103,3021,
370,104,3021,
371,104,3021,
372,104,3022,
373,105,3022,
374,105,3022,
375,105,3022,
376,105,3022,
377,106,3022,
378,106,3022,
379,106,3022,
380,106,3022,
381,107,3022,
382,108,3022,
383,108,3022,
384,108,3022,
385,108,3022,
386,109,3022,
387,109,3022,
388,109,3022,
389,109,3022,
390,110,3023,
391,110,3023,
392,110,3023,
393,110,3023,
394,111,3023,
395,111,3023,
396,111,3023,
397,111,3023,
398,112,3023,
399,112,3023,
400,112,3023,
401,113,3023,
402,113,3023,
403,113,3023,
404,114,3023,
405,114,3023,
406,114,3023,
407,115,3024,
408,115,3024,
409,115,3024,
410,115,3024,
411,116,3024,
412,116,3024,
413,116,3024,
414,117,3024,
415,117,3024,
416,117,3024,
417,118,3024,
418,118,3024,
419,118,3024,
420,118,3024,
421,119,3024,
422,119,3024,
423,119,3024,
424,123,3025,
425,123,3025,
426,123,3025,
427,124,3025,
428,124,3025,
429,124,3025,
430,124,3025,
431,125,3025,
432,125,3025,
433,125,3025,
434,125,3025,
435,126,3025,
436,126,3025,
437,126,3025,
438,127,3025,
439,128,3025,
440,128,3025,
441,128,3025,
442,129,3026,
443,129,3026,
444,129,3026,
445,129,3026,
446,130,3026,
447,130,3026,
448,130,3026,
449,131,3026,
450,131,3026,
451,132,3026,
452,132,3026,
453,132,3026,
454,133,3026,
455,133,3026,
456,133,3026,
457,133,3026,
458,134,3026,
459,134,3026,
460,134,3027,
461,134,3027,
462,135,3027,
463,135,3027,
464,135,3027,
465,135,3027,
466,135,3027,
467,136,3027,
468,136,3027,
469,136,3027,
470,136,3027,
471,137,3027,
472,137,3027,
473,137,3027,
474,138,3027,
475,138,3027,
476,138,3027,
477,139,3028,
478,139,3028,
479,139,3028,
480,139,3028,
481,140,3028,
482,140,3028,
483,140,3028,
484,141,3028,
485,141,3028,
486,141,3028,
487,142,3028,
488,142,3028,
489,142,3028,
490,143,3028,
491,143,3028,
492,143,3028,
493,144,3028,
494,144,3028,
495,144,3029,
496,145,3029,
497,145,3029,
498,145,3029,
499,145,3029,
500,146,3029,
501,146,3029,
502,146,3029,
503,147,3029,
504,147,3029,
505,148,3029,
506,149,3029,
507,149,3029,
508,150,3029,
509,150,3029,
510,150,3029,
511,151,3029,
512,151,3029,
513,151,3029,
514,152,3030,
515,152,3030,
516,152,3030,
517,153,3030,
518,153,3030,
519,153,3030,
520,154,3030,
521,155,3030,
522,155,3030,
523,155,3030,
524,156,3030,
525,156,3030,
526,156,3030,
527,157,3030,
528,157,3030,
529,157,3030,
530,157,3030,
531,157,3030,
532,157,3031,
533,157,3031,
534,157,3031,
535,157,3031,
536,157,3031,
537,157,3031,
538,157,3031,
539,157,3031,
540,157,3031,
541,157,3031,
542,157,3031,
543,157,3031,
544,157,3031,
545,158,3031,
546,158,3031,
547,158,3031,
548,159,3032,
549,159,3032,
550,159,3032,
551,160,3032,
552,160,3032,
553,160,3032,
554,161,3032,
555,161,3032,
556,161,3032,
557,162,3032,
558,163,3032,
559,163,3032,
560,164,3032,
561,164,3032,
562,164,3032,
563,165,3032,
564,166,3032,
565,166,3032,
566,166,3032,
567,167,3033,
568,167,3033,
569,167,3033,
570,168,3033,
571,168,3033,
572,168,3033,
573,169,3033,
574,169,3033,
575,170,3033,
576,170,3033,
577,171,3033,
578,171,3033,
579,171,3033,
580,172,3033,
581,173,3033,
582,173,3033,
583,173,3033,
584,174,3033,
585,174,3033,
586,174,3034,
587,175,3034,
588,175,3034,
589,175,3034,
590,176,3034,
591,176,3034,
592,176,3034,
593,177,3034,
594,177,3034,
595,177,3034,
596,177,3034,
597,178,3034,
598,178,3034,
599,178,3034,
600,178,3034,
601,179,3034,
602,179,3034,
603,179,3034,
604,179,3035,
605,180,3035,
606,180,3035,
607,180,3035,
608,181,3035,
609,182,3035,
610,182,3035,
611,182,3035,
612,183,3035,
613,183,3035,
614,183,3035,
615,184,3035,
616,184,3035,
617,184,3035,
618,184,3035,
619,185,3035,
620,185,3035,
621,185,3036,
622,185,3036,
623,186,3036,
624,186,3036,
625,186,3036,
626,186,3036,
627,187,3036,
628,187,3036,
629,187,3036,
630,188,3036,
631,188,3036,
632,189,3036,
633,189,3036,
634,189,3036,
635,190,3036,
636,190,3036,
637,190,3036,
638,191,3036,
639,191,3036,
640,191,3036,
641,192,3037,
642,192,3037,
643,192,3037,
644,193,3037,
645,193,3037,
646,193,3037,
647,194,3037,
648,194,3037,
649,194,3037,
650,194,3037,
651,195,3037,
652,196,3037,
653,196,3037,
654,196,3037,
655,197,3037,
656,197,3037,
657,197,3037,
658,197,3037,
659,198,3037,
660,199,3038,
661,199,3038,
662,199,3038,
663,200,3038,
664,200,3038,
665,200,3038,
666,201,3038,
667,201,3038,
668,201,3038,
669,202,3038,
670,202,3038,
671,202,3038,
672,203,3038,
673,203,3038,
674,204,3038,
675,204,3038,
676,204,3038,
677,205,3038,
678,205,3039,
679,205,3039,
680,206,3039,
681,206,3039,
682,206,3039,
683,207,3039,
684,207,3039,
685,207,3039,
686,208,3039,
687,208,3039,
688,208,3039,
689,209,3039,
690,209,3039,
691,209,3039,
692,210,3039,
693,210,3039,
694,210,3039,
695,211,3039,
696,211,3040,
697,211,3040,
698,212,3040,
699,212,3040,
700,212,3040,
701,213,3040,
702,213,3040,
703,213,3040,
704,214,3040,
705,214,3040,
706,214,3040,
707,215,3040,
708,215,3040,
709,216,3040,
710,216,3040,
711,216,3040,
712,217,3040,
713,217,3040,
714,217,3041,
715,217,3041,
716,218,3041,
717,218,3041,
718,218,3041,
719,218,3041,
720,219,3041,
721,219,3041,
722,219,3041,
723,219,3041,
724,219,3041,
725,220,3041,
726,220,3041,
727,220,3041,
728,220,3041,
729,220,3041,
730,221,3041,
731,222,3041,
732,222,3042,
733,222,3042,
734,222,3042,
735,223,3042,
736,223,3042,
737,223,3042,
738,223,3042,
739,224,3042,
740,224,3042,
741,224,3042,
742,224,3042,
743,225,3042,
744,225,3042,
745,225,3042,
746,225,3042,
747,225,3042,
748,226,3043,
749,226,3043,
750,226,3043,
751,226,3043,
752,227,3043,
753,227,3043,
754,227,3043,
755,227,3043,
756,228,3043,
757,228,3043,
758,228,3043,
759,228,3043,
760,229,3043,
761,229,3043,
762,229,3043,
763,229,3043,
764,230,3044,
765,230,3044,
766,230,3044,
767,231,3044,
768,231,3044,
769,231,3044,
770,232,3044,
771,232,3044,
772,232,3044,
773,232,3044,
774,233,3044,
775,233,3044,
776,233,3044,
777,234,3044,
778,234,3044,
779,234,3044,
780,234,3044,
781,235,3045,
782,235,3045,
783,235,3045,
784,235,3045,
785,236,3045,
786,236,3045,
787,236,3045,
788,236,3045,
789,237,3045,
790,237,3045,
791,237,3045,
792,237,3045,
793,237,3045,
794,238,3045,
795,238,3045,
796,238,3045,
797,239,3045,
798,239,3046,
799,239,3046,
800,240,3046,
801,240,3046,
802,240,3046,
803,240,3046,
804,240,3046,
805,241,3046,
806,241,3046,
807,241,3046,
808,241,3046,
809,241,3046,
810,241,3046,
811,242,3046,
812,242,3046,
813,242,3046,
814,242,3046,
815,242,3047,
816,243,3047,
817,243,3047,
818,243,3047,
819,243,3047,
820,244,3047,
821,244,3047,
822,244,3047,
823,244,3047,
824,244,3047,
825,245,3047,
826,246,3047,
827,246,3047,
828,246,3047,
829,246,3047,
830,247,3047,
831,247,3047,
832,247,3048,
833,247,3048,
834,248,3048,
835,248,3048,
836,248,3048,
837,248,3048,
838,249,3048,
839,249,3048,
840,250,3048,
841,250,3048,
842,250,3048,
843,251,3048,
844,251,3048,
845,251,3048,
846,251,3048,
847,252,3048,
848,252,3048,
849,252,3049,
850,252,3049,
851,252,3049,
852,253,3049,
853,253,3049,
854,253,3049,
855,253,3049,
856,253,3049,
857,254,3049,
858,254,3049,
859,254,3049,
860,254,3049,
861,255,3049,
862,255,3049,
863,255,3049,
864,255,3049,
865,255,3049,
866,256,3050,
867,256,3050,
868,256,3050,
869,256,3050,
870,256,3050,
871,257,3050,
872,257,3050,
873,257,3050,
874,257,3050,
875,257,3050,
876,258,3050,
877,258,3050,
878,258,3050,
879,258,3050,
880,259,3050,
881,259,3050,
882,259,3051,
883,259,3051,
884,260,3051,
885,260,3051,
886,260,3051,
887,260,3051,
888,260,3051,
889,261,3051,
890,261,3051,
891,261,3051,
892,261,3051,
893,262,3051,
894,262,3051,
895,262,3051,
896,262,3051,
897,263,3051,
898,263,3051,
899,263,3051,
900,263,3052,
901,263,3052,
902,264,3052,
903,264,3052,
904,264,3052,
905,265,3052,
906,265,3052,
907,265,3052,
908,266,3052,
909,266,3052,
910,267,3052,
911,268,3052,
912,268,3052,
913,268,3052,
914,268,3052,
915,268,3052,
916,269,3052,
917,269,3052,
918,269,3053,
919,269,3053,
920,269,3053,
921,270,3053,
922,270,3053,
923,270,3053,
924,270,3053,
925,270,3053,
926,271,3053,
927,271,3053,
928,271,3053,
929,271,3053,
930,271,3053,
931,272,3053,
932,272,3053,
933,272,3053,
934,272,3054,
935,273,3054,
936,273,3054,
937,273,3054,
938,273,3054,
939,274,3054,
940,274,3054,
941,274,3054,
942,274,3054,
943,275,3054,
944,275,3054,
945,275,3054,
946,276,3054,
947,276,3054,
948,276,3055,
949,276,3055,
950,277,3055,
951,277,3055,
952,277,3055,
953,277,3055,
954,277,3055,
955,278,3055,
956,278,3055,
957,278,3055,
958,279,3055,
959,279,3055,
960,279,3055,
961,279,3055,
962,279,3055,
963,280,3055,
964,280,3056,
965,280,3056,
966,280,3056,
967,281,3056,
968,281,3056,
969,281,3056,
970,281,3056,
971,282,3056,
972,282,3056,
973,282,3056,
974,283,3056,
975,283,3056,
976,283,3056,
977,284,3056,
978,284,3056,
979,284,3056,
980,284,3056,
981,285,3056,
982,285,3057,
983,285,3057,
984,285,3057,
985,285,3057,
986,286,3057,
987,286,3057,
988,286,3057,
989,286,3057,
990,287,3057,
991,287,3057,
992,287,3057,
993,288,3057,
994,288,3057,
995,288,3057,
996,289,3057,
997,289,3057,
998,289,3057,
999,290,3057,
1000,290,3058,
1001,290,3058,
1002,290,3058,
1003,291,3058,
1004,291,3058,
1005,291,3058,
1006,291,3058,
1007,291,3058,
1008,291,3058,
1009,292,3058,
1010,292,3058,
1011,292,3058,
1012,292,3058,
1013,292,3058,
1014,292,3058,
1015,293,3058,
1016,293,3058,
1017,294,3058,
1018,294,3059,
1019,294,3059,
1020,294,3059,
1021,294,3059,
1022,295,3059,
1023,295,3059,
1024,295,3074,
1025,296,3059,
1026,296,3059,
1027,296,3059,
1028,297,3059,
1029,297,3059,
1030,297,3059,
1031,297,3059,
1032,297,3059,
1033,298,3059,
1034,298,3059,
1035,298,3060,
1036,298,3060,
1037,298,3060,
1038,299,3060,
1039,299,3060,
1040,299,3060,
1041,299,3060,
1042,300,3060,
1043,301,3060,
1044,301,3060,
1045,301,3060,
1046,302,3060,
1047,302,3060,
1048,302,3060,
1049,302,3060,
1050,303,3060,
1051,303,3060,
1052,303,3060,
1053,303,3061,
1054,303,3061,
1055,304,3061,
1056,304,3061,
1057,304,3061,
1058,304,3061,
1059,305,3061,
1060,305,3061,
1061,305,3061,
1062,305,3061,
1063,305,3061,
1064,306,3061,
1065,306,3061,
1066,306,3061,
1067,306,3061,
1068,307,3061,
1069,307,3061,
1070,308,3061,
1071,308,3061,
1072,308,3062,
1073,308,3062,
1074,308,3062,
1075,309,3062,
1076,309,3062,
1077,309,3062,
1078,309,3062,
1079,309,3062,
1080,310,3062,
1081,310,3062,
1082,310,3062,
1083,310,3062,
1084,311,3062,
1085,311,3062,
1086,311,3062,
1087,311,3062,
1088,312,3062,
1089,312,3063,
1090,313,3063,
1091,313,3063,
1092,313,3063,
1093,313,3063,
1094,313,3063,
1095,314,3063,
1096,314,3063,
1097,314,3063,
1098,314,3063,
1099,314,3063,
1100,315,3063,
1101,315,3063,
1102,315,3063,
1103,315,3063,
1104,315,3063,
1105,316,3063,
1106,316,3063,
1107,317,3064,
1108,317,3064,
1109,317,3064,
1110,317,3064,
1111,318,3064,
1112,318,3064,
1113,318,3064,
1114,318,3064,
1115,319,3064,
1116,319,3064,
1117,319,3064,
1118,319,3064,
1119,319,3064,
1120,320,3064,
1121,320,3064,
1122,320,3064,
1123,320,3064,
1124,320,3065,
1125,321,3065,
1126,321,3065,
1127,321,3065,
1128,321,3065,
1129,322,3065,
1130,322,3065,
1131,322,3065,
1132,322,3065,
1133,323,3065,
1134,323,3065,
1135,323,3065,
1136,323,3065,
1137,324,3065,
1138,324,3065,
1139,324,3065,
1140,324,3066,
1141,324,3066,
1142,325,3066,
1143,325,3066,
1144,325,3066,
1145,325,3066,
1146,325,3066,
1147,326,3066,
1148,326,3066,
1149,326,3066,
1150,326,3066,
1151,326,3066,
1152,327,3066,
1153,327,3066,
1154,327,3066,
1155,327,3066,
1156,327,3066,
1157,328,3067,
1158,328,3067,
1159,328,3067,
1160,328,3067,
1161,328,3067,
1162,329,3067,
1163,329,3067,
1164,329,3067,
1165,329,3067,
1166,329,3067,
1167,330,3067,
1168,330,3067,
1169,330,3067,
1170,330,3067,
1171,330,3067,
1172,331,3067,
1173,331,3067,
1174,332,3067,
1175,332,3068,
1176,332,3068,
1177,332,3068,
1178,333,3068,
1179,333,3068,
1180,333,3068,
1181,333,3068,
1182,333,3068,
1183,334,3068,
1184,335,3068,
1185,335,3068,
1186,335,3068,
1187,335,3068,
1188,335,3068,
1189,336,3068,
1190,336,3068,
1191,336,3069,
1192,336,3069,
1193,337,3069,
1194,337,3069,
1195,337,3069,
1196,337,3069,
1197,338,3069,
1198,338,3069,
1199,338,3069,
1200,338,3069,
1201,339,3069,
1202,339,3069,
1203,339,3069,
1204,339,3069,
1205,339,3069,
1206,339,3069,
1207,340,3070,
1208,340,3070,
1209,340,3070,
1210,340,3070,
1211,340,3070,
1212,340,3070,
1213,341,3070,
1214,341,3070,
1215,341,3070,
1216,341,3070,
1217,341,3070,0
1218,341,3070,
1219,342,3070,
1220,342,3070,
1221,342,3070,
1222,342,3070,
1223,342,3070,
1224,342,3071,
1225,342,3071,
1226,343,3071,
1227,343,3071,
1228,343,3071,
1229,343,3071,
1230,343,3071,
1231,343,3071,
1232,344,3071,
1233,344,3071,
1234,344,3071,
1235,344,3071,
1236,344,3071,
1237,344,3071,
1238,345,3071,
1239,345,3071,
1240,345,3071,
1241,345,3072,
1242,345,3072,
1243,345,3072,
1244,346,3072,
1245,346,3072,
1246,346,3072,
1247,346,3072,
1248,346,3072,
1249,346,3072,
1250,347,3072,
1251,347,3072,
1252,347,3072,
1253,347,3072,
1254,347,3072,
1255,347,3072,
1256,348,3072,
1257,348,3072,
1258,348,3073,
1259,348,3073,
1260,348,3073,
1261,349,3073,
1262,349,3073,
1263,349,3073,
1264,349,3073,
1265,349,3073,
1266,350,3073,
1267,350,3073,
1268,350,3073,
1269,350,3073,
1270,350,3073,
1271,351,3073,
1272,351,3073,
1273,351,3073,0
1274,352,3073,
1275,352,3073,
1276,352,3073,
1277,352,3074,
1278,352,3074,
1279,352,3074,
1280,353,3074,
1281,353,3074,
1282,353,3074,
1283,353,3074,
1284,353,3074,
1285,353,3074,
1286,354,3074,
1287,355,3074,
1288,355,3074,
1289,355,3074,
1290,356,3074,
1291,357,3074,
1292,357,3074,
1293,358,3075,
1294,358,3075,
1295,358,3075,
1296,358,3075,
1297,358,3075,
1298,358,3075,
1299,359,3075,
1300,359,3075,
1301,359,3075,
1302,359,3075,
1303,359,3075,
1304,359,3075,
1305,359,3075,
1306,360,3075,
1307,360,3075,
1308,360,3076,
1309,360,3076,
1310,360,3076,
1311,360,3076,
1312,361,3076,
1313,361,3076,
1314,361,3076,
1315,361,3076,
1316,362,3076,
1317,362,3076,
1318,362,3076,
1319,362,3076,
1320,362,3076,
1321,362,3076,
1322,363,3076,
1323,363,3076,
1324,363,3077,
1325,363,3077,
1326,363,3077,
1327,363,3077,
1328,364,3077,
1329,365,3077,
1330,365,3077,
1331,365,3077,
1332,365,3077,
1333,365,3077,
1334,366,3077,
1335,366,3077,
1336,366,3077,
1337,366,3077,
1338,366,3077,
1339,366,3077,
1340,366,3077,
1341,367,3077,
1342,367,3078,
1343,367,3078,
1344,367,3078,
1345,367,3078,
1346,367,3078,
1347,368,3078,
1348,368,3078,
1349,368,3078,
1350,368,3078,
1351,368,3078,
1352,369,3078,
1353,369,3078,
1354,369,3078,
1355,369,3078,
1356,369,3078,
1357,369,3078,
1358,370,3079,
1359,370,3079,
1360,371,3079,
1361,371,3079,
1362,371,3079,
1363,371,3079,
1364,371,3079,
1365,372,3079,
1366,372,3079,
1367,372,3079,
1368,372,3079,
1369,372,3079,
1370,373,3079,
1371,373,3079,
1372,373,3079,
1373,373,3079,
1374,373,3079,
1375,374,3079,
1376,374,3079,
1377,375,3080,
1378,375,3080,
1379,375,3080,
1380,375,3080,
1381,375,3080,
1382,376,3080,
1383,376,3080,
1384,377,3080,
1385,377,3080,
1386,377,3080,
1387,377,3080,
1388,377,3080,
1389,377,3080,
1390,378,3080,
1391,378,3080,
1392,378,3080,
1393,379,3080,
1394,379,3080,
1395,379,3080,
1396,379,3081,
1397,379,3081,
1398,379,3081,
1399,380,3081,
1400,380,3081,
1401,380,3081,
1402,380,3081,
1403,380,3081,
1404,380,3081,
1405,381,3081,
1406,381,3081,
1407,381,3081,
1408,381,3081,
1409,381,3081,
1410,381,3081,
1411,382,3081,
1412,382,3082,
1413,382,3082,
1414,382,3082,
1415,382,3082,
1416,382,3082,
1417,383,3082,
1418,383,3082,
1419,383,3082,
1420,383,3082,
1421,383,3082,
1422,383,3082,
1423,383,3082,
1424,384,3082,
1425,384,3082,
1426,384,3082,
1427,384,3083,
1428,384,3083,
1429,384,3083,
1430,384,3083,
1431,384,3083,
1432,385,3083,
1433,385,3083,
1434,385,3083,
1435,385,3083,
1436,385,3083,
1437,385,3083,
1438,385,3083,
1439,386,3083,
1440,386,3083,
1441,386,3083,
1442,386,3083,
1443,386,3083,
1444,387,3084,
1445,387,3084,
1446,387,3084,
1447,387,3084,
1448,387,3084,
1449,387,3084,
1450,387,3084,
1451,388,3084,
1452,388,3084,
1453,388,3084,
1454,388,3084,
1455,388,3084,
1456,388,3084,
1457,388,3084,
1458,388,3084,
1459,389,3084,
1460,389,3084,
1461,389,3085,
1462,389,3085,
1463,390,3085,
1464,390,3085,
1465,390,3085,
1466,390,3085,
1467,390,3085,
1468,390,3085,
1469,391,3085,
1470,391,3085,
1471,391,3085,
1472,391,3085,
1473,391,3085,
1474,391,3085,
1475,391,3085,
1476,391,3085,
1477,392,3086,
1478,392,3086,
1479,392,3086,
1480,392,3086,
1481,392,3086,
1482,392,3086,
1483,392,3086,
1484,392,3086,
1485,392,3086,
1486,393,3086,
1487,393,3086,
1488,393,3086,
1489,393,3086,
1490,393,3086,
1491,393,3086,
1492,393,3086,
1493,393,3087,
1494,394,3087,
1495,394,3087,
1496,394,3087,
1497,394,3087,
1498,395,3087,
1499,395,3087,
1500,395,3087,
1501,395,3087,
1502,396,3087,
1503,396,3087,
1504,396,3087,
1505,396,3087,
1506,397,3087,
1507,397,3087,
1508,397,3087,
1509,397,3088,
1510,397,3088,
1511,397,3088,
1512,397,3088,
1513,398,3088,
1514,398,3088,
1515,398,3088,
1516,398,3088,
1517,398,3088,
1518,398,3088,
1519,398,3088,
1520,398,3088,
1521,398,3088,
1522,399,3088,
1523,399,3088,
1524,399,3088,
1525,399,3088,
1526,399,3089,
1527,399,3089,
1528,399,3089,
1529,399,3089,
1530,399,3089,
1531,400,3089,
1532,400,3089,0
1533,400,3089,
1534,400,3089,
1535,400,3089,
1536,400,3089,0
1537,400,3089,
1538,401,3089,
1539,401,3089,
1540,401,3089,
1541,401,3089,
1542,401,3089,
1543,401,3089,
1544,402,3090,
1545,402,3090,
1546,402,3090,
1547,402,3090,
1548,402,3090,
1549,402,3090,
1550,403,3090,
1551,403,3090,
1552,403,3090,
1553,403,3090,
1554,403,3090,
1555,403,3090,
1556,403,3090,
1557,404,3090,
1558,404,3090,
1559,404,3090,
1560,404,3090,
1561,404,3091,
1562,404,3091,
1563,405,3091,
1564,405,3091,
1565,405,3091,
1566,405,3091,
1567,405,3091,
1568,405,3091,
1569,406,3091,
1570,406,3091,
1571,406,3091,
1572,406,3091,
1573,407,3091,
1574,407,3091,
1575,407,3091,
1576,408,3091,
1577,409,3091,
1578,409,3091,
1579,409,3092,
1580,409,3092,
1581,409,3092,
1582,409,3092,
1583,409,3092,
1584,410,3092,
1585,410,3092,
1586,410,3092,
1587,410,3092,
1588,410,3092,
1589,410,3092,
1590,410,3092,
1591,410,3092,
1592,410,3092,
1593,411,3092,
1594,411,3092,
1595,411,3093,
1596,411,3093,
1597,411,3093,
1598,411,3093,
1599,411,3093,
1600,411,3093,
1601,411,3093,
1602,411,3093,
1603,411,3093,
1604,411,3093,
1605,411,3093,
1606,411,3093,
1607,411,3093,
1608,411,3093,
1609,412,3093,
1610,412,3093,
1611,412,3094,
1612,412,3094,
1613,412,3094,
1614,412,3094,
1615,412,3094,
1616,412,3094,
1617,413,3094,
1618,413,3094,
1619,413,3094,
1620,413,3094,
1621,413,3094,
1622,413,3094,
1623,413,3094,
1624,413,3094,
1625,414,3094,
1626,414,3094,
1627,415,3094,
1628,415,3095,
1629,416,3095,
1630,416,3095,
1631,416,3095,
1632,416,3095,
1633,416,3095,
1634,416,3095,
1635,416,3095,
1636,416,3095,
1637,416,3095,
1638,417,3095,
1639,417,3095,
1640,417,3095,
1641,417,3095,
1642,417,3095,
1643,417,3095,
1644,417,3096,
1645,417,3096,
1646,417,3096,
1647,417,3096,
1648,417,3096,
1649,417,3096,
1650,417,3096,
1651,418,3096,
1652,418,3096,
1653,418,3096,
1654,418,3096,
1655,418,3096,
1656,418,3096,
1657,418,3096,
1658,418,3096,
1659,418,3097,
1660,418,3097,
1661,418,3097,
1662,419,3097,
1663,419,3097,
1664,419,3097,
1665,419,3097,
1666,419,3097,
1667,419,3097,
1668,420,3097,
1669,420,3097,
1670,421,3097,
1671,422,3097,
1672,422,3097,
1673,423,3097,
1674,423,3097,
1675,423,3097,
1676,423,3097,
1677,423,3098,
1678,423,3098,
1679,423,3098,
1680,424,3098,
1681,424,3098,
1682,424,3098,
1683,424,3098,
1684,424,3098,
1685,424,3098,
1686,425,3098,
1687,425,3098,
1688,425,3098,
1689,425,3098,
1690,425,3098,
1691,425,3098,
1692,425,3098,
1693,425,3098,
1694,426,3099,
1695,426,3099,
1696,426,3099,
1697,426,3099,
1698,426,3099,
1699,426,3099,
1700,426,3099,
1701,426,3099,
1702,427,3099,
1703,427,3099,
1704,427,3099,
1705,427,3099,
1706,427,3099,
1707,427,3099,
1708,428,3099,
1709,428,3099,
1710,428,3100,
1711,428,3100,
1712,428,3100,
1713,428,3100,
1714,428,3100,
1715,428,3100,
1716,429,3100,
1717,429,3100,
1718,429,3100,
1719,429,3100,
1720,429,3100,
1721,429,3100,
1722,430,3100,
1723,430,3100,
1724,430,3100,
1725,430,3100,
1726,430,3100,
1727,431,3101,
1728,431,3101,
1729,431,3101,
1730,431,3101,
1731,431,3101,
1732,431,3101,
1733,432,3101,
1734,432,3101,
1735,432,3101,
1736,432,3101,
1737,432,3101,
1738,432,3101,
1739,432,3101,
1740,433,3101,
1741,433,3101,
1742,433,3102,
1743,433,3102,
1744,433,3102,
1745,433,3102,
1746,434,3102,
1747,434,3102,
1748,435,3102,
1749,435,3102,
1750,435,3102,
1751,435,3102,
1752,435,3102,
1753,435,3102,
1754,435,3102,
1755,436,3102,
1756,436,3102,
1757,436,3102,
1758,436,3103,
1759,436,3103,
1760,436,3103,
1761,437,3103,
1762,437,3103,
1763,437,3103,
1764,437,3103,
1765,437,3103,
1766,438,3103,
1767,438,3103,
1768,438,3103,
1769,438,3103,
1770,438,3103,
1771,438,3103,
1772,438,3103,
1773,439,3103,
1774,439,3104,
1775,439,3104,
1776,439,3104,
1777,439,3104,
1778,439,3104,
1779,439,3104,
1780,440,3104,
1781,440,3104,
1782,440,3104,
1783,440,3104,
1784,440,3104,
1785,440,3104,
1786,441,3104,
1787,441,3104,
1788,441,3104,
1789,441,3104,
1790,441,3104,
1791,442,3105,
1792,442,3105,
1793,442,3105,
1794,442,3105,
1795,443,3105,
1796,443,3105,
1797,443,3105,
1798,443,3105,
1799,443,3105,
1800,443,3105,
1801,444,3105,
1802,444,3105,
1803,444,3105,
1804,444,3105,
1805,444,3105,
1806,444,3105,
1807,444,3105,
1808,444,3105,
1809,445,3106,
1810,445,3106,
1811,445,3106,
1812,445,3106,
1813,445,3106,
1814,445,3106,
1815,445,3106,
1816,445,3106,
1817,445,3106,
1818,445,3106,
1819,446,3106,
1820,446,3106,
1821,446,3106,
1822,446,3106,
1823,446,3106,
1824,446,3107,
1825,446,3107,
1826,446,3107,
1827,446,3107,
1828,446,3107,
1829,446,3107,
1830,447,3107,
1831,447,3107,
1832,447,3107,
1833,447,3107,
1834,447,3107,
1835,447,3107,
1836,447,3107,
1837,447,3107,
1838,448,3107,
1839,448,3107,
1840,448,3108,
1841,448,3108,
1842,448,3108,
1843,448,3108,
1844,448,3108,
1845,448,3108,
1846,448,3108,
1847,448,3108,
1848,448,3108,
1849,448,3108,
1850,448,3108,
1851,448,3108,
1852,448,3108,
1853,448,3108,
1854,449,3108,
1855,449,3109,
1856,449,3109,
1857,449,3109,
1858,449,3109,
1859,449,3109,
1860,449,3109,
1861,450,3109,
1862,450,3109,
1863,450,3109,
1864,451,3109,
1865,451,3109,
1866,451,3109,
1867,451,3109,
1868,451,3109,
1869,451,3109,
1870,451,3109,
1871,451,3109,
1872,451,3110,
1873,452,3110,
1874,452,3110,
1875,452,3110,
1876,452,3110,
1877,452,3110,
1878,452,3110,
1879,453,3110,
1880,453,3110,
1881,453,3110,
1882,453,3110,
1883,453,3110,
1884,453,3110,
1885,453,3110,
1886,454,3110,
1887,454,3110,
1888,454,3110,
1889,454,3111,
1890,454,3111,
1891,454,3111,
1892,454,3111,
1893,455,3111,
1894,455,3111,
1895,455,3111,
1896,455,3111,
1897,455,3111,
1898,455,3111,
1899,455,3111,
1900,456,3111,
1901,456,3111,
1902,456,3111,
1903,456,3111,
1904,456,3111,
1905,456,3111,
1906,456,3112,
1907,456,3112,
1908,457,3112,
1909,457,3112,
1910,457,3112,
1911,457,3112,
1912,457,3112,
1913,457,3112,
1914,457,3112,
1915,458,3112,
1916,458,3112,
1917,458,3112,
1918,458,3112,
1919,458,3112,
1920,458,3112,
1921,459,3112,
1922,459,3112,
1923,460,3113,
1924,460,3113,
1925,460,3113,
1926,460,3113,
1927,460,3113,
1928,460,3113,
1929,461,3113,
1930,461,3113,
1931,461,3113,
1932,461,3113,
1933,461,3113,
1934,461,3113,
1935,461,3113,
1936,462,3113,
1937,462,3113,
1938,462,3113,
1939,462,3113,
1940,462,3114,
1941,462,3114,
1942,462,3114,
1943,462,3114,
1944,462,3114,
1945,463,3114,
1946,463,3114,
1947,463,3114,
1948,463,3114,
1949,463,3114,
1950,463,3114,
1951,463,3114,
1952,464,3114,
1953,464,3114,
1954,465,3114,
1955,465,3114,
1956,465,3114,
1957,465,3115,
1958,465,3115,
1959,465,3115,
1960,465,3115,
1961,466,3115,
1962,466,3115,
1963,466,3115,
1964,466,3115,
1965,466,3115,
1966,466,3115,
1967,466,3115,
1968,466,3115,
1969,467,3115,
1970,467,3115,
1971,467,3115,
1972,467,3115,
1973,467,3116,
1974,467,3116,
1975,467,3116,
1976,467,3116,
1977,468,3116,
1978,468,3116,
1979,468,3116,
1980,468,3116,
1981,468,3116,
1982,468,3116,
1983,469,3116,
1984,469,3116,
1985,469,3116,
1986,469,3116,
1987,469,3116,
1988,469,3116,
1989,470,3117,
1990,470,3117,
1991,470,3117,
1992,470,3117,
1993,470,3117,
1994,470,3117,
1995,471,3117,
1996,471,3117,
1997,472,3117,
1998,472,3117,
1999,472,3117,
2000,472,3117,
2001,472,3117,
2002,473,3117,
2003,473,3117,
2004,473,3117,
2005,473,3117,
2006,473,3118,
2007,473,3118,
2008,474,3118,
2009,474,3118,
2010,474,3118,
2011,474,3118,
2012,474,3118,
2013,474,3118,
2014,474,3118,
2015,475,3118,
2016,475,3118,
2017,475,3118,
2018,475,3118,
2019,475,3118,
2020,475,3118,
2021,475,3118,
2022,476,3119,
2023,476,3119,
2024,476,3119,
2025,476,3119,
2026,476,3119,
2027,476,3119,
2028,477,3119,
2029,477,3119,
2030,477,3119,
2031,477,3119,
2032,477,3119,
2033,477,3119,
2034,478,3119,
2035,478,3119,
2036,478,3119,
2037,478,3119,
2038,478,3120,
2039,478,3120,
2040,479,3120,
2041,479,3120,
2042,479,3120,
2043,480,3120,
2044,480,3120,
2045,480,3120,
2046,480,3120,
2047,480,3120,
2048,481,3120,
2049,481,3120,
2050,481,3120,
2051,481,3120,
2052,481,3120,
2053,481,3120,
2054,482,3120,
2055,482,3120,
2056,482,3121,
2057,482,3121,
2058,482,3121,
2059,482,3121,
2060,482,3121,
2061,483,3121,
2062,483,3121,
2063,483,3121,
2064,483,3121,
2065,483,3121,
2066,483,3121,
2067,483,3121,
2068,484,3121,
2069,484,3121,
2070,484,3121,
2071,484,3121,
2072,484,3122,
2073,484,3122,
2074,485,3122,
2075,485,3122,
2076,485,3122,
2077,485,3122,
2078,486,3122,
2079,486,3122,
2080,487,3122,
2081,487,3122,
2082,487,3122,
2083,488,3122,
2084,488,3122,
2085,488,3122,
2086,488,3122,
2087,488,3122,
2088,489,3122,
2089,489,3122,
2090,489,3123,
2091,489,3123,
2092,489,3123,
2093,489,3123,
2094,489,3123,
2095,490,3123,
2096,490,3123,
2097,490,3123,
2098,490,3123,
2099,490,3123,
2100,490,3123,
2101,490,3123,
2102,491,3123,
2103,491,3123,
2104,491,3123,
2105,491,3123,
2106,491,3124,
2107,491,3124,
2108,492,3124,
2109,492,3124,
2110,492,3124,
2111,492,3124,
2112,492,3124,
2113,492,3124,
2114,493,3124,
2115,493,3124,
2116,493,3124,
2117,493,3124,
2118,493,3124,
2119,493,3124,
2120,493,3124,
2121,494,3124,
2122,494,3124,
2123,494,3125,
2124,494,3125,
2125,494,3125,
2126,494,3125,
2127,494,3125,
2128,495,3125,
2129,495,3125,
2130,495,3125,
2131,495,3125,
2132,495,3125,
2133,495,3125,
2134,496,3125,
2135,496,3125,
2136,496,3125,
2137,496,3125,
2138,496,3125,
2139,496,3126,
2140,496,3126,
2141,496,3126,
2142,497,3126,
2143,497,3126,
2144,497,3126,
2145,497,3126,
2146,497,3126,
2147,497,3126,
2148,497,3126,
2149,498,3126,
2150,498,3126,
2151,498,3126,
2152,498,3126,
2153,498,3126,
2154,499,3126,
2155,499,3126,
2156,499,3127,
2157,499,3127,
2158,499,3127,
2159,500,3127,
2160,500,3127,
2161,500,3127,
2162,500,3127,
2163,500,3127,
2164,501,3127,
2165,501,3127,
2166,501,3127,
2167,501,3127,
2168,501,3127,
2169,501,3127,
2170,501,3127,
2171,501,3127,
2172,502,3127,
2173,502,3128,
2174,502,3128,
2175,502,3128,
2176,502,3128,
2177,502,3128,
2178,502,3128,
2179,502,3128,
2180,502,3128,
2181,502,3128,
2182,503,3128,
2183,503,3128,
2184,503,3128,
2185,503,3129,
2186,503,3129,
2187,503,3129,
2188,503,3129,
2189,504,3129,
2190,504,3129,
2191,504,3129,
2192,504,3129,
2193,504,3129,
2194,505,3129,
2195,505,3129,
2196,505,3130,
2197,505,3130,
2198,506,3130,
2199,506,3130,
2200,506,3130,
2201,506,3130,
2202,506,3130,
2203,507,3130,
2204,507,3130,
2205,507,3130,
2206,507,3130,
2207,507,3130,
2208,508,3130,
2209,508,3130,
2210,508,3130,
2211,508,3131,
2212,509,3131,
2213,509,3131,
2214,509,3131,
2215,509,3131,
2216,510,3131,
2217,511,3131,
2218,511,3131,
2219,511,3131,
2220,511,3131,
2221,511,3131,
2222,512,3131,
2223,512,3131,
2224,512,3132,
2225,513,3132,
2226,514,3132,
2227,514,3132,
2228,514,3132,
2229,514,3132,
2230,515,3132,
2231,515,3132,
2232,515,3132,
2233,515,3132,
2234,515,3132,
2235,516,3132,
2236,516,3132,
2237,516,3132,
2238,516,3132,
2239,517,3133,
2240,517,3133,
2241,517,3133,
2242,517,3133,
2243,517,3133,
2244,518,3133,
2245,518,3133,
2246,518,3133,
2247,518,3133,
2248,519,3133,
2249,519,3133,
2250,519,3133,
2251,519,3133,
2252,520,3133,
2253,520,3134,
2254,520,3134,
2255,520,3134,
2256,521,3134,
2257,521,3134,
2258,521,3134,
2259,521,3134,
2260,522,3134,
2261,522,3134,
2262,522,3134,
2263,522,3134,
2264,522,3134,
2265,523,3134,
2266,523,3134,
2267,523,3135,
2268,523,3135,
2269,523,3135,
2270,524,3135,
2271,524,3135,
2272,524,3135,
2273,524,3135,
2274,524,3135,
2275,525,3135,
2276,525,3135,
2277,525,3135,
2278,525,3135,
2279,525,3136,
2280,525,3136,
2281,526,3136,
2282,526,3136,
2283,526,3136,
2284,526,3136,
2285,527,3136,
2286,527,3136,
2287,527,3136,
2288,527,3136,
2289,527,3136,
2290,528,3136,
2291,528,3136,
2292,528,3137,
2293,528,3137,
2294,529,3137,
2295,529,3137,
2296,529,3137,
2297,529,3137,
2298,530,3137,
2299,531,3137,
2300,531,3137,
2301,531,3137,
2302,531,3137,
2303,532,3137,
2304,532,3138,
2305,532,3138,
2306,532,3138,
2307,533,3138,
2308,533,3138,
2309,533,3138,
2310,533,3138,
2311,534,3138,
2312,534,3139,
2313,534,3139,
2314,534,3139,
2315,535,3139,
2316,535,3139,
2317,535,3139,
2318,535,3139,
2319,536,3139,
2320,536,3139,
2321,536,3139,
2322,537,3139,
2323,537,3139,
2324,537,3140,
2325,537,3140,
2326,538,3140,
2327,538,3140,
2328,538,3140,
2329,538,3140,
2330,539,3140,
2331,539,3140,
2332,539,3140,
2333,539,3140,
2334,539,3140,
2335,540,3140,
2336,540,3140,
2337,540,3141,
2338,540,3141,
2339,540,3141,
2340,540,3141,
2341,541,3141,
2342,541,3141,
2343,541,3141,
2344,541,3141,
2345,542,3141,
2346,542,3141,
2347,542,3141,
2348,543,3141,
2349,543,3141,
2350,543,3142,
2351,543,3142,
2352,543,3142,
2353,543,3142,
2354,543,3142,
2355,543,3142,
2356,543,3142,
2357,544,3142,
2358,544,3142,
2359,544,3142,
2360,544,3142,
2361,544,3143,
2362,544,3143,
2363,544,3143,
2364,544,3143,
2365,544,3143,
2366,545,3143,
2367,545,3143,
2368,545,3143,
2369,545,3143,
2370,545,3143,
2371,545,3143,
2372,546,3143,
2373,546,3143,
2374,546,3144,
2375,546,3144,
2376,546,3144,
2377,546,3144,
2378,547,3144,
2379,547,3144,
2380,547,3144,
2381,547,3144,
2382,547,3144,
2383,548,3144,
2384,548,3144,
2385,548,3144,
2386,548,3145,
2387,548,3145,
2388,549,3145,
2389,549,3145,
2390,549,3145,
2391,549,3145,
2392,550,3145,
2393,550,3145,
2394,550,3145,
2395,550,3145,
2396,551,3145,
2397,551,3145,
2398,551,3145,
2399,551,3146,
2400,551,3146,
2401,552,3146,
2402,552,3146,
2403,552,3146,
2404,552,3146,
2405,552,3146,
2406,553,3146,
2407,553,3146,
2408,553,3146,
2409,553,3146,
2410,553,3146,
2411,553,3147,
2412,553,3147,
2413,553,3147,
2414,554,3147,
2415,554,3147,
2416,554,3147,
2417,554,3147,
2418,554,3147,
2419,554,3147,
2420,554,3147,
2421,554,3147,
2422,554,3147,
2423,555,3148,
2424,555,3148,
2425,555,3148,
2426,555,3148,
2427,555,3148,
2428,555,3148,
2429,556,3148,
2430,556,3148,
2431,556,3148,
2432,556,3148,
2433,557,3148,
2434,557,3148,
2435,557,3149,
2436,557,3149,
2437,558,3149,
2438,558,3149,
2439,558,3149,
2440,558,3149,
2441,558,3149,
2442,559,3149,
2443,559,3149,
2444,559,3149,
2445,559,3149,
2446,559,3149,
2447,560,3149,
2448,560,3150,
2449,560,3150,
2450,560,3150,
2451,561,3150,
2452,561,3150,
2453,561,3150,
2454,561,3150,
2455,561,3150,
2456,561,3150,
2457,562,3150,
2458,562,3150,
2459,562,3150,
2460,562,3150,
2461,562,3151,
2462,562,3151,
2463,563,3151,
2464,563,3151,
2465,563,3151,
2466,563,3151,
2467,563,3151,
2468,564,3151,
2469,564,3151,
2470,564,3151,
2471,564,3151,
2472,564,3151,
2473,565,3152,
2474,565,3152,
2475,565,3152,
2476,565,3152,
2477,565,3152,
2478,566,3152,
2479,566,3152,
2480,566,3152,
2481,566,3152,
2482,566,3152,
2483,567,3152,
2484,567,3152,
2485,567,3153,
2486,568,3153,
2487,568,3153,
2488,568,3153,
2489,568,3153,
2490,568,3153,
2491,568,3153,
2492,568,3153,
2493,568,3153,
2494,569,3153,
2495,569,3153,
2496,569,3154,
2497,569,3154,
2498,569,3154,
2499,569,3154,
2500,569,3154,
2501,569,3154,
2502,570,3154,
2503,570,3154,
2504,570,3154,
2505,570,3154,
2506,570,3155,
2507,570,3155,
2508,571,3155,
2509,571,3155,
2510,571,3155,
2511,571,3155,
2512,571,3155,
2513,572,3155,
2514,572,3155,
2515,572,3155,
2516,572,3155,
2517,573,3156,
2518,573,3156,
2519,573,3156,
2520,573,3156,
2521,573,3156,
2522,574,3156,
2523,574,3156,
2524,574,3156,
2525,574,3156,
2526,574,3156,
2527,574,3156,
2528,575,3156,
2529,582,3157,
2530,582,3157,
2531,582,3157,
2532,582,3157,
2533,582,3157,
2534,583,3157,
2535,583,3157,
2536,583,3157,
2537,583,3157,
2538,583,3157,
2539,584,3157,
2540,584,3158,
2541,584,3158,
2542,584,3158,
2543,585,3158,
2544,585,3158,
2545,585,3158,
2546,586,3158,
2547,586,3158,
2548,586,3158,
2549,586,3158,
2550,586,3159,
2551,587,3159,
2552,587,3159,
2553,587,3159,
2554,587,3159,
2555,587,3159,
2556,587,3159,
2557,588,3159,
2558,588,3159,
2559,588,3159,
2560,588,3159,
2561,588,3160,
2562,589,3160,
2563,589,3160,
2564,589,3160,
2565,589,3160,
2566,590,3160,
2567,590,3160,
2568,590,3160,
2569,590,3160,
2570,591,3160,
2571,591,3160,
2572,591,3161,
2573,591,3161,
2574,592,3161,
2575,592,3161,
2576,592,3161,
2577,592,3161,
2578,593,3161,
2579,593,3161,
2580,593,3161,
2581,593,3161,
2582,593,3161,
2583,594,3162,
2584,594,3162,
2585,594,3162,
2586,594,3162,
2587,594,3162,
2588,595,3162,
2589,595,3162,
2590,595,3162,
2591,595,3162,
2592,595,3162,
2593,595,3162,
2594,595,3163,
2595,596,3163,
2596,596,3163,
2597,596,3163,
2598,596,3163,
2599,596,3163,
2600,597,3163,
2601,597,3163,
2602,597,3163,
2603,597,3163,
2604,597,3163,
2605,598,3164,
2606,598,3164,
2607,598,3164,
2608,598,3164,
2609,598,3164,
2610,599,3164,
2611,599,3164,
2612,599,3164,
2613,599,3164,
2614,600,3164,
2615,600,3165,
2616,600,3165,
2617,600,3165,
2618,600,3165,
2619,601,3165,
2620,601,3165,
2621,601,3165,
2622,601,3165,
2623,602,3165,
2624,602,3165,
2625,602,3165,
2626,602,3166,
2627,602,3166,
2628,602,3166,
2629,602,3166,
2630,603,3166,
2631,603,3166,
2632,603,3166,
2633,603,3166,
2634,603,3166,
2635,603,3166,
2636,604,3166,
2637,605,3167,
2638,605,3167,
2639,605,3167,
2640,605,3167,
2641,606,3167,
2642,606,3167,
2643,606,3167,
2644,606,3167,
2645,606,3167,
2646,606,3167,
2647,607,3167,
2648,607,3168,
2649,607,3168,
2650,607,3168,
2651,607,3168,
2652,607,3168,
2653,608,3168,
2654,608,3168,
2655,608,3168,
2656,609,3168,
2657,609,3168,
2658,609,3168,
2659,609,3169,
2660,610,3169,
2661,610,3169,
2662,610,3169,
2663,610,3169,
2664,610,3169,
2665,611,3169,
2666,611,3169,
2667,611,3169,
2668,611,3169,
2669,611,3169,
2670,612,3169,
2671,612,3170,
2672,612,3170,
2673,612,3170,
2674,612,3170,
2675,612,3170,
2676,613,3170,
2677,613,3170,
2678,613,3170,
2679,613,3170,
2680,613,3170,
2681,614,3170,
2682,614,3171,
2683,614,3171,
2684,614,3171,
2685,614,3171,
2686,615,3171,
2687,615,3171,
2688,615,3171,
2689,615,3171,
2690,615,3171,
2691,616,3171,
2692,616,3172,
2693,616,3172,
2694,617,3172,
2695,617,3172,
2696,617,3172,
2697,618,3172,
2698,618,3172,
2699,618,3172,
2700,618,3172,
2701,618,3172,
2702,619,3172,
2703,619,3173,
2704,619,3173,
2705,619,3173,
2706,619,3173,
2707,619,3173,
2708,619,3173,
2709,619,3173,
2710,620,3173,
2711,620,3173,
2712,620,3173,
2713,620,3173,
2714,620,3174,
2715,620,3174,
2716,620,3174,
2717,621,3174,
2718,621,3174,
2719,621,3174,
2720,621,3174,
2721,621,3174,
2722,622,3174,
2723,622,3174,
2724,622,3174,
2725,622,3175,
2726,622,3175,
2727,623,3175,
2728,623,3175,
2729,623,3175,
2730,623,3175,
2731,624,3175,
2732,624,3175,
2733,624,3175,
2734,625,3175,
2735,625,3175,
2736,625,3175,
2737,626,3176,
2738,626,3176,
2739,627,3176,
2740,627,3176,
2741,627,3176,
2742,627,3176,
2743,628,3176,
2744,628,3176,
2745,628,3176,
2746,628,3176,
2747,629,3177,
2748,630,3178,
2749,630,3178,
2750,631,3179,
2751,631,3180,
2752,632,3180,
2753,633,3180,
2754,634,3180,
2755,635,3180,
2756,636,3181,
2757,637,3181,
2758,638,3182,
2759,639,3182,
2760,640,3182,
2761,641,3182,
2762,642,3183,
2763,643,3183,
2764,644,3183,
2765,645,3183,
2766,646,3183,
2767,647,3184,
2768,648,3184,
2769,649,3184,
2770,650,3184,
2771,651,3185,
2772,652,3185,
2773,653,3185,
2774,654,3185,
2775,655,3185,
2776,656,3186,
2777,657,3186,
2778,658,3186,
2779,659,3186,
2780,660,3187,
2781,661,3187,
2782,662,3187,
2783,663,3187,
2784,664,3187,
2785,665,3187,
2786,666,3188,
2787,667,3188,
2788,668,3188,
2789,669,3188,
2790,670,3189,
2791,671,3189,
2792,672,3189,
2793,673,3189,
2794,674,3190,
2795,675,3190,
2796,676,3190,
2797,677,3190,
2798,678,3190,
2799,679,3191,
2800,680,3191,
2801,681,3191,
2802,682,3191,
2803,683,3192,
2804,684,3192,
2805,685,3192,
2806,686,3192,
2807,687,3193,
2808,688,3193,
2809,689,3193,
2810,690,3193,
2811,691,3194,
2812,692,3194,
2813,693,3194,
2814,694,3194,
2815,695,3195,
2816,696,3195,
2817,697,3195,
2818,698,3195,
2819,699,3195,
2820,700,3195,
2821,701,3196,
2822,702,3196,
2823,703,3196,
2824,704,3196,
2825,705,3196,
2826,706,3197,
2827,707,3197,
2828,708,3197,
2829,709,3197,
2830,710,3197,
2831,711,3197,
2832,712,3198,
2833,713,3198,
2834,714,3198,
2835,715,3198,
2836,716,3198,
2837,717,3198,
2838,718,3199,
2839,719,3199,
2840,720,3199,
2841,721,3199,
2842,722,3199,
2843,723,3200,
2844,724,3200,
2845,725,3200,
2846,726,3200,
2847,727,3201,
2848,728,3201,
2849,729,3201,
2850,730,3201,
2851,731,3201,
2852,732,3202,
2853,733,3202,
2854,734,3202,
2855,735,3202,
2856,736,3202,
2857,737,3202,
2858,738,3203,
2859,739,3203,
2860,740,3203,
2861,741,3203,
2862,742,3203,
2863,743,3203,
2864,744,3204,
2865,745,3204,
2866,746,3204,
2867,747,3204,
2868,748,3204,
2869,749,3204,
2870,750,3205,
2871,751,3205,
2872,752,3205,
2873,753,3205,
2874,754,3205,
2875,755,3206,
2876,756,3206,
2877,757,3206,
2878,758,3206,
2879,759,3206,
2880,760,3206,
2881,761,3206,
2882,762,3207,
2883,763,3207,
2884,764,3207,
2885,765,3207,
2886,766,3207,
2887,767,3207,
2888,768,3208,
2889,769,3208,
2890,770,3208,
2891,771,3208,
2892,772,3208,
2893,773,3208,
2894,774,3209,
2895,775,3210,
2896,775,3211,
2897,775,3212,
2898,775,3213,
2899,775,3214,
2900,775,3214,
2901,776,3214,
2902,777,3214,
2903,778,3214,
2904,779,3215,
2905,780,3215,
2906,781,3215,
2907,782,3215,
2908,783,3216,
2909,784,3216,
2910,785,3216,
2911,786,3216,
2912,787,3216,
2913,788,3216,
2914,789,3217,
2915,790,3217,
2916,791,3217,
2917,792,3217,
2918,793,3217,
2919,794,3217,
2920,795,3217,
2921,796,3218,
2922,797,3218,
2923,798,3218,
2924,799,3218,
2925,800,3218,
2926,801,3218,
2927,802,3218,
2928,803,3219,
2929,804,3219,
2930,805,3219,
2931,806,3219,
2932,807,3219,
2933,808,3219,
2934,809,3220,
2935,810,3220,
2936,811,3220,
2937,812,3220,
2938,813,3220,
2939,814,3220,
2940,815,3220,
2941,816,3221,
2942,817,3221,
2943,818,3221,
2944,819,3221,
2945,820,3221,
2946,821,3221,
2947,822,3222,
2948,823,3222,
2949,824,3222,
2950,825,3222,
2951,826,3222,
2952,827,3222,
2953,828,3223,
2954,829,3223,
2955,830,3223,
2956,831,3223,
2957,832,3223,
2958,833,3223,
2959,834,3223,
2960,835,3224,
2961,836,3224,
2962,837,3224,
2963,838,3224,
2964,839,3224,
2965,840,3224,
2966,841,3224,
2967,842,3224,
2968,843,3225,
2969,844,3225,
2970,845,3225,
2971,846,3225,
2972,847,3225,
2973,848,3226,
2974,849,3226,
2975,850,3226,
2976,851,3226,
2977,852,3226,
2978,853,3226,
2979,854,3226,
2980,855,3227,
2981,856,3227,
2982,857,3227,
2983,858,3228,
2984,858,3228,0
2985,858,3228,0
2986,858,3228,0
2987,858,3228,0
2988,858,3228,0
2989,858,3228,0
2990,858,3228,0
2991,858,3228,0
2992,858,3228,0
2993,858,3228,0
2994,858,3228,0
2995,858,3228,0
2996,858,3228,0
2997,858,3228,0
2998,858,3228,0
2999,858,3228,0
